Workbook

Sheet Raw Data
A1: Transaction ID | B1: Date | C1: Customer ID | D1: Gender | E1: Age | F1: Product Category | G1: Quantity | H1: Price per Unit | I1: Total Amount
A2: 1 | B2: 45254 | C2: CUST001 | D2: Male | E2: 34 | F2: Beauty | G2: 3 | H2: 50 | I2: 150
A3: 2 | B3: 44984 | C3: CUST002 | D3: Female | E3: 26 | F3: Clothing | G3: 2 | H3: 500 | I3: 1000
A4: 3 | B4: 44939 | C4: CUST003 | D4: Male | E4: 50 | F4: Electronics | G4: 1 | H4: 30 | I4: 30
A5: 4 | B5: 45067 | C5: CUST004 | D5: Male | E5: 37 | F5: Clothing | G5: 1 | H5: 500 | I5: 500
A6: 5 | B6: 45052 | C6: CUST005 | D6: Male | E6: 30 | F6: Beauty | G6: 2 | H6: 50 | I6: 100
A7: 6 | B7: 45041 | C7: CUST006 | D7: Female | E7: 45 | F7: Beauty | G7: 1 | H7: 30 | I7: 30
A8: 7 | B8: 44998 | C8: CUST007 | D8: Male | E8: 46 | F8: Clothing | G8: 2 | H8: 25 | I8: 50
A9: 8 | B9: 44979 | C9: CUST008 | D9: Male | E9: 30 | F9: Electronics | G9: 4 | H9: 25 | I9: 100
A10: 9 | B10: 45273 | C10: CUST009 | D10: Male | E10: 63 | F10: Electronics | G10: 2 | H10: 300 | I10: 600
A11: 10 | B11: 45206 | C11: CUST010 | D11: Female | E11: 52 | F11: Clothing | G11: 4 | H11: 50 | I11: 200
A12: 11 | B12: 44971 | C12: CUST011 | D12: Male | E12: 23 | F12: Clothing | G12: 2 | H12: 50 | I12: 100
A13: 12 | B13: 45229 | C13: CUST012 | D13: Male | E13: 35 | F13: Beauty | G13: 3 | H13: 25 | I13: 75
... A1001: 1000 | B1001: 45028 | C1001: CUST1000 | D1001: Male | E1001: 47 | F1001: Electronics | G1001: 4 | H1001: 30 | I1001: 120

Sheet Summary
C1: SALES TRACKER
A3: Overall Sales | C3: Total Transactions | E3: Average Sale
A4: =SUM('Raw Data'!I2:I1001) -> 456000 | C4: =COUNTA('Raw Data'!A2:A1001) -> 1000 | E4: =AVERAGE('Raw Data'!I2:I1001) -> 456
A7: DAILY SALES | D7: WEEKLY SALES | G7: MONTHLY SALES
A8: Date | B8: Total Sales | D8: Week Starting | E8: Total Sales | G8: Month | H8: Total Sales
A9: =MIN('Raw Data'!B2:B1001) -> 44927 | B9: =SUMIF('Raw Data'!$B$2:$B$1001,A9,'Raw Data'!$I$2:$I$1001) -> 3600 | D9: =MIN('Raw Data'!B2:B1001)-WEEKDAY(MIN('Raw Data'!B2:B1001),2)+1 -> 44921 | E9: =SUMIFS('Raw Data'!$I$2:$I$1001,'Raw Data'!$B$2:$B$1001,">="&D9,'Raw Data'!$B$2:$B$1001,"<"&D9+7) -> 3600 | G9: =DATE(YEAR(MIN('Raw Data'!B2:B1001)),MONTH(MIN('Raw Data'!B2:B1001)),1) -> 44927 | H9: =SUMIFS('Raw Data'!$I$2:$I$1001,'Raw Data'!$B$2:$B$1001,">="&G9,'Raw Data'!$B$2:$B$1001,"<"&EDATE(G9,1)) -> 35450
A10: =A9+1 -> 44928 | B10: =SUMIF('Raw Data'!$B$2:$B$1001,A10,'Raw Data'!$I$2:$I$1001) -> 1765 | D10: =D9+7 -> 44928 | E10: =SUMIFS('Raw Data'!$I$2:$I$1001,'Raw Data'!$B$2:$B$1001,">="&D10,'Raw Data'!$B$2:$B$1001,"<"&D10+7) -> 6100 | G10: =DATE(YEAR(MIN('Raw Data'!B2:B1001)),MONTH(MIN('Raw Data'!B2:B1001)),2) -> 44928 | H10: =SUMIFS('Raw Data'!$I$2:$I$1001,'Raw Data'!$B$2:$B$1001,">="&G10,'Raw Data'!$B$2:$B$1001,"<"&EDATE(G10,1)) -> 36550
A11: =A10+1 -> 44929 | B11: =SUMIF('Raw Data'!$B$2:$B$1001,A11,'Raw Data'!$I$2:$I$1001) -> 600 | D11: =D10+7 -> 44935 | E11: =SUMIFS('Raw Data'!$I$2:$I$1001,'Raw Data'!$B$2:$B$1001,">="&D11,'Raw Data'!$B$2:$B$1001,"<"&D11+7) -> 4850 | G11: =DATE(YEAR(MIN('Raw Data'!B2:B1001)),MONTH(MIN('Raw Data'!B2:B1001)),3) -> 44929 | H11: =SUMIFS('Raw Data'!$I$2:$I$1001,'Raw Data'!$B$2:$B$1001,">="&G11,'Raw Data'!$B$2:$B$1001,"<"&EDATE(G11,1)) -> 36160
A12: =A11+1 -> 44930 | B12: =SUMIF('Raw Data'!$B$2:$B$1001,A12,'Raw Data'!$I$2:$I$1001) -> 1240 | D12: =D11+7 -> 44942 | E12: =SUMIFS('Raw Data'!$I$2:$I$1001,'Raw Data'!$B$2:$B$1001,">="&D12,'Raw Data'!$B$2:$B$1001,"<"&D12+7) -> 8215 | G12: =DATE(YEAR(MIN('Raw Data'!B2:B1001)),MONTH(MIN('Raw Data'!B2:B1001)),4) -> 44930 | H12: =SUMIFS('Raw Data'!$I$2:$I$1001,'Raw Data'!$B$2:$B$1001,">="&G12,'Raw Data'!$B$2:$B$1001,"<"&EDATE(G12,1)) -> 36790
A13: =A12+1 -> 44931 | B13: =SUMIF('Raw Data'!$B$2:$B$1001,A13,'Raw Data'!$I$2:$I$1001) -> 1100 | D13: =D12+7 -> 44949 | E13: =SUMIFS('Raw Data'!$I$2:$I$1001,'Raw Data'!$B$2:$B$1001,">="&D13,'Raw Data'!$B$2:$B$1001,"<"&D13+7) -> 9845 | G13: =DATE(YEAR(MIN('Raw Data'!B2:B1001)),MONTH(MIN('Raw Data'!B2:B1001)),5) -> 44931 | H13: =SUMIFS('Raw Data'!$I$2:$I$1001,'Raw Data'!$B$2:$B$1001,">="&G13,'Raw Data'!$B$2:$B$1001,"<"&EDATE(G13,1)) -> 36670
A14: =A13+1 -> 44932 | B14: =SUMIF('Raw Data'!$B$2:$B$1001,A14,'Raw Data'!$I$2:$I$1001) -> 620 | D14: =D13+7 -> 44956 | E14: =SUMIFS('Raw Data'!$I$2:$I$1001,'Raw Data'!$B$2:$B$1001,">="&D14,'Raw Data'!$B$2:$B$1001,"<"&D14+7) -> 13070 | G14: =DATE(YEAR(MIN('Raw Data'!B2:B1001)),MONTH(MIN('Raw Data'!B2:B1001)),6) -> 44932 | H14: =SUMIFS('Raw Data'!$I$2:$I$1001,'Raw Data'!$B$2:$B$1001,">="&G14,'Raw Data'!$B$2:$B$1001,"<"&EDATE(G14,1)) -> 37375
A15: =A14+1 -> 44933 | B15: =SUMIF('Raw Data'!$B$2:$B$1001,A15,'Raw Data'!$I$2:$I$1001) -> 150 | D15: =D14+7 -> 44963 | E15: =SUMIFS('Raw Data'!$I$2:$I$1001,'Raw Data'!$B$2:$B$1001,">="&D15,'Raw Data'!$B$2:$B$1001,"<"&D15+7) -> 8365 | G15: =DATE(YEAR(MIN('Raw Data'!B2:B1001)),MONTH(MIN('Raw Data'!B2:B1001)),7) -> 44933 | H15: =SUMIFS('Raw Data'!$I$2:$I$1001,'Raw Data'!$B$2:$B$1001,">="&G15,'Raw Data'!$B$2:$B$1001,"<"&EDATE(G15,1)) -> 37380
A16: =A15+1 -> 44934 | B16: =SUMIF('Raw Data'!$B$2:$B$1001,A16,'Raw Data'!$I$2:$I$1001) -> 625 | D16: =D15+7 -> 44970 | E16: =SUMIFS('Raw Data'!$I$2:$I$1001,'Raw Data'!$B$2:$B$1001,">="&D16,'Raw Data'!$B$2:$B$1001,"<"&D16+7) -> 13815 | G16: =DATE(YEAR(MIN('Raw Data'!B2:B1001)),MONTH(MIN('Raw Data'!B2:B1001)),8) -> 44934 | H16: =SUMIFS('Raw Data'!$I$2:$I$1001,'Raw Data'!$B$2:$B$1001,">="&G16,'Raw Data'!$B$2:$B$1001,"<"&EDATE(G16,1)) -> 39330
A17: =A16+1 -> 44935 | B17: =SUMIF('Raw Data'!$B$2:$B$1001,A17,'Raw Data'!$I$2:$I$1001) -> 200 | D17: =D16+7 -> 44977 | E17: =SUMIFS('Raw Data'!$I$2:$I$1001,'Raw Data'!$B$2:$B$1001,">="&D17,'Raw Data'!$B$2:$B$1001,"<"&D17+7) -> 7645 | G17: =DATE(YEAR(MIN('Raw Data'!B2:B1001)),MONTH(MIN('Raw Data'!B2:B1001)),9) -> 44935 | H17: =SUMIFS('Raw Data'!$I$2:$I$1001,'Raw Data'!$B$2:$B$1001,">="&G17,'Raw Data'!$B$2:$B$1001,"<"&EDATE(G17,1)) -> 39130
A18: =A17+1 -> 44936 | B18: =SUMIF('Raw Data'!$B$2:$B$1001,A18,'Raw Data'!$I$2:$I$1001) -> 230 | D18: =D17+7 -> 44984 | E18: =SUMIFS('Raw Data'!$I$2:$I$1001,'Raw Data'!$B$2:$B$1001,">="&D18,'Raw Data'!$B$2:$B$1001,"<"&D18+7) -> 7155 | G18: =DATE(YEAR(MIN('Raw Data'!B2:B1001)),MONTH(MIN('Raw Data'!B2:B1001)),10) -> 44936 | H18: =SUMIFS('Raw Data'!$I$2:$I$1001,'Raw Data'!$B$2:$B$1001,">="&G18,'Raw Data'!$B$2:$B$1001,"<"&EDATE(G18,1)) -> 39530
A19: =A18+1 -> 44937 | B19: =SUMIF('Raw Data'!$B$2:$B$1001,A19,'Raw Data'!$I$2:$I$1001) -> 280 | D19: =D18+7 -> 44991 | E19: =SUMIFS('Raw Data'!$I$2:$I$1001,'Raw Data'!$B$2:$B$1001,">="&D19,'Raw Data'!$B$2:$B$1001,"<"&D19+7) -> 6090 | G19: =DATE(YEAR(MIN('Raw Data'!B2:B1001)),MONTH(MIN('Raw Data'!B2:B1001)),11) -> 44937 | H19: =SUMIFS('Raw Data'!$I$2:$I$1001,'Raw Data'!$B$2:$B$1001,">="&G19,'Raw Data'!$B$2:$B$1001,"<"&EDATE(G19,1)) -> 41200
A20: =A19+1 -> 44938 | B20: =SUMIF('Raw Data'!$B$2:$B$1001,A20,'Raw Data'!$I$2:$I$1001) -> 0 | D20: =D19+7 -> 44998 | E20: =SUMIFS('Raw Data'!$I$2:$I$1001,'Raw Data'!$B$2:$B$1001,">="&D20,'Raw Data'!$B$2:$B$1001,"<"&D20+7) -> 4075 | G20: =DATE(YEAR(MIN('Raw Data'!B2:B1001)),MONTH(MIN('Raw Data'!B2:B1001)),12) -> 44938 | H20: =SUMIFS('Raw Data'!$I$2:$I$1001,'Raw Data'!$B$2:$B$1001,">="&G20,'Raw Data'!$B$2:$B$1001,"<"&EDATE(G20,1)) -> 43135
A21: =A20+1 -> 44939 | B21: =SUMIF('Raw Data'!$B$2:$B$1001,A21,'Raw Data'!$I$2:$I$1001) -> 1930 | D21: =D20+7 -> 45005 | E21: =SUMIFS('Raw Data'!$I$2:$I$1001,'Raw Data'!$B$2:$B$1001,">="&D21,'Raw Data'!$B$2:$B$1001,"<"&D21+7) -> 13085 | G21: =DATE(YEAR(MIN('Raw Data'!B2:B1001)),MONTH(MIN('Raw Data'!B2:B1001)),1) -> 44927 | H21: =SUMIFS('Raw Data'!$I$2:$I$1001,'Raw Data'!$B$2:$B$1001,">="&G21,'Raw Data'!$B$2:$B$1001,"<"&EDATE(G21,1)) -> 35450
A22: =A21+1 -> 44940 | B22: =SUMIF('Raw Data'!$B$2:$B$1001,A22,'Raw Data'!$I$2:$I$1001) -> 1550
A23: =A22+1 -> 44941 | B23: =SUMIF('Raw Data'!$B$2:$B$1001,A23,'Raw Data'!$I$2:$I$1001) -> 660
A24: =A23+1 -> 44942 | B24: =SUMIF('Raw Data'!$B$2:$B$1001,A24,'Raw Data'!$I$2:$I$1001) -> 4000
A25: =A24+1 -> 44943 | B25: =SUMIF('Raw Data'!$B$2:$B$1001,A25,'Raw Data'!$I$2:$I$1001) -> 1645
A26: =A25+1 -> 44944 | B26: =SUMIF('Raw Data'!$B$2:$B$1001,A26,'Raw Data'!$I$2:$I$1001) -> 0
A27: =A26+1 -> 44945 | B27: =SUMIF('Raw Data'!$B$2:$B$1001,A27,'Raw Data'!$I$2:$I$1001) -> 30 | D27: Monthly Sales Performance
A28: =A27+1 -> 44946 | B28: =SUMIF('Raw Data'!$B$2:$B$1001,A28,'Raw Data'!$I$2:$I$1001) -> 125
A29: =A28+1 -> 44947 | B29: =SUMIF('Raw Data'!$B$2:$B$1001,A29,'Raw Data'!$I$2:$I$1001) -> 2090
A30: =A29+1 -> 44948 | B30: =SUMIF('Raw Data'!$B$2:$B$1001,A30,'Raw Data'!$I$2:$I$1001) -> 325
A31: =A30+1 -> 44949 | B31: =SUMIF('Raw Data'!$B$2:$B$1001,A31,'Raw Data'!$I$2:$I$1001) -> 3120
A32: =A31+1 -> 44950 | B32: =SUMIF('Raw Data'!$B$2:$B$1001,A32,'Raw Data'!$I$2:$I$1001) -> 2250
A33: =A32+1 -> 44951 | B33: =SUMIF('Raw Data'!$B$2:$B$1001,A33,'Raw Data'!$I$2:$I$1001) -> 50
A34: =A33+1 -> 44952 | B34: =SUMIF('Raw Data'!$B$2:$B$1001,A34,'Raw Data'!$I$2:$I$1001) -> 2570
A35: =A34+1 -> 44953 | B35: =SUMIF('Raw Data'!$B$2:$B$1001,A35,'Raw Data'!$I$2:$I$1001) -> 235
A36: =A35+1 -> 44954 | B36: =SUMIF('Raw Data'!$B$2:$B$1001,A36,'Raw Data'!$I$2:$I$1001) -> 1020
A37: =A36+1 -> 44955 | B37: =SUMIF('Raw Data'!$B$2:$B$1001,A37,'Raw Data'!$I$2:$I$1001) -> 600
A38: =A37+1 -> 44956 | B38: =SUMIF('Raw Data'!$B$2:$B$1001,A38,'Raw Data'!$I$2:$I$1001) -> 740
A39: =A38+1 -> 44957 | B39: =SUMIF('Raw Data'!$B$2:$B$1001,A39,'Raw Data'!$I$2:$I$1001) -> 2100
... A374: =A373+1 -> 45292 | B374: =SUMIF('Raw Data'!$B$2:$B$1001,A374,'Raw Data'!$I$2:$I$1001) -> 1530
